{"stats":{"minecraft:mined":{"minecraft:spruce_log":10,"minecraft:crafting_table":4,"minecraft:coal_ore":7,"minecraft:spruce_leaves":10,"minecraft:stone":15,"minecraft:fern":1},"minecraft:used":{"minecraft:wooden_axe":1,"minecraft:wooden_pickaxe":22,"minecraft:rotten_flesh":1,"minecraft:stone_axe":1,"minecraft:wooden_sword":39,"minecraft:crafting_table":3,"minecraft:spruce_log":1},"minecraft:dropped":{"minecraft:spruce_log":2},"minecraft:picked_up":{"minecraft:stick":1,"minecraft:crafting_table":4,"minecraft:spruce_log":18,"minecraft:string":2,"minecraft:dirt":22,"minecraft:rotten_flesh":6,"minecraft:stone_axe":1,"minecraft:spruce_planks":21,"minecraft:coal":7,"minecraft:cobblestone":19},"minecraft:killed_by":{"minecraft:zombie":1},"minecraft:crafted":{"minecraft:wooden_sword":2,"minecraft:crafting_table":1,"minecraft:spruce_planks":20,"minecraft:stick":20,"minecraft:wooden_pickaxe":2,"minecraft:stone_pickaxe":1,"minecraft:wooden_axe":1,"minecraft:stone_sword":1,"minecraft:stone_axe":1},"minecraft:killed":{"minecraft:zombie":2},"minecraft:custom":{"minecraft:time_since_rest":7557,"minecraft:damage_taken":270,"minecraft:walk_one_cm":62880,"minecraft:mob_kills":2,"minecraft:drop":1,"minecraft:damage_dealt":442,"minecraft:interact_with_crafting_table":8,"minecraft:fly_one_cm":530,"minecraft:crouch_one_cm":78,"minecraft:play_time":17997,"minecraft:deaths":1,"minecraft:sneak_time":38,"minecraft:jump":103,"minecraft:time_since_death":7506,"minecraft:walk_on_water_one_cm":1942,"minecraft:total_world_time":17997,"minecraft:fall_one_cm":1686}},"DataVersion":3953}