{"stats":{"minecraft:mined":{"minecraft:furnace":2,"minecraft:spruce_log":23,"minecraft:torch":1,"minecraft:crafting_table":6,"minecraft:grass_block":2,"minecraft:coal_ore":39,"minecraft:spruce_leaves":11,"minecraft:stone":50,"minecraft:wall_torch":1,"minecraft:fern":1},"minecraft:broken":{"minecraft:wooden_pickaxe":1},"minecraft:used":{"minecraft:wooden_axe":1,"minecraft:stone_sword":6,"minecraft:stone_pickaxe":32,"minecraft:chest":1,"minecraft:wooden_pickaxe":59,"minecraft:spruce_sapling":1,"minecraft:rotten_flesh":1,"minecraft:stone_axe":18,"minecraft:torch":7,"minecraft:wooden_sword":39,"minecraft:dirt":3,"minecraft:crafting_table":6,"minecraft:furnace":3,"minecraft:spruce_log":1},"minecraft:dropped":{"minecraft:spruce_log":2},"minecraft:picked_up":{"minecraft:stick":1,"minecraft:crafting_table":6,"minecraft:chicken":2,"minecraft:torch":3,"minecraft:spruce_sapling":1,"minecraft:spruce_log":30,"minecraft:string":2,"minecraft:dirt":24,"minecraft:bone":1,"minecraft:arrow":2,"minecraft:rotten_flesh":6,"minecraft:stone_axe":1,"minecraft:spruce_planks":21,"minecraft:beef":2,"minecraft:granite":1,"minecraft:poppy":1,"minecraft:coal":39,"minecraft:cobblestone":57,"minecraft:furnace":2},"minecraft:killed_by":{"minecraft:zombie":1},"minecraft:crafted":{"minecraft:wooden_sword":2,"minecraft:crafting_table":1,"minecraft:spruce_planks":20,"minecraft:stick":24,"minecraft:wooden_pickaxe":2,"minecraft:stone_pickaxe":1,"minecraft:wooden_axe":1,"minecraft:stone_sword":1,"minecraft:chest":1,"minecraft:furnace":1,"minecraft:torch":4,"minecraft:stone_axe":1},"minecraft:killed":{"minecraft:zombie":2,"minecraft:chicken":2,"minecraft:cow":1},"minecraft:custom":{"minecraft:time_since_rest":31557,"minecraft:sprint_one_cm":6719,"minecraft:damage_taken":290,"minecraft:walk_one_cm":158509,"minecraft:mob_kills":5,"minecraft:drop":1,"minecraft:damage_dealt":612,"minecraft:interact_with_crafting_table":14,"minecraft:fly_one_cm":1294,"minecraft:open_chest":1,"minecraft:crouch_one_cm":1027,"minecraft:play_time":41997,"minecraft:deaths":1,"minecraft:sneak_time":460,"minecraft:walk_under_water_one_cm":1481,"minecraft:jump":310,"minecraft:time_since_death":31506,"minecraft:walk_on_water_one_cm":4428,"minecraft:total_world_time":41997,"minecraft:fall_one_cm":3873}},"DataVersion":3953}