{"stats":{"minecraft:mined":{"minecraft:spruce_leaves":1,"minecraft:spruce_log":5,"minecraft:fern":1,"minecraft:crafting_table":1},"minecraft:used":{"minecraft:wooden_sword":14,"minecraft:crafting_table":1,"minecraft:spruce_log":1},"minecraft:dropped":{"minecraft:spruce_log":2},"minecraft:picked_up":{"minecraft:crafting_table":1,"minecraft:rotten_flesh":2,"minecraft:spruce_log":6},"minecraft:crafted":{"minecraft:wooden_sword":1,"minecraft:crafting_table":1,"minecraft:spruce_planks":12,"minecraft:stick":12},"minecraft:killed":{"minecraft:zombie":1},"minecraft:custom":{"minecraft:time_since_rest":5997,"minecraft:crouch_one_cm":78,"minecraft:play_time":5997,"minecraft:damage_taken":170,"minecraft:walk_one_cm":20857,"minecraft:sneak_time":22,"minecraft:mob_kills":1,"minecraft:drop":1,"minecraft:jump":44,"minecraft:damage_dealt":152,"minecraft:time_since_death":5997,"minecraft:total_world_time":5997,"minecraft:fall_one_cm":1208,"minecraft:interact_with_crafting_table":1,"minecraft:fly_one_cm":239}},"DataVersion":3953}