{"stats":{"minecraft:mined":{"minecraft:crafting_table":6,"minecraft:torch":1,"minecraft:grass_block":3,"minecraft:spruce_leaves":18,"minecraft:wall_torch":1,"minecraft:furnace":2,"minecraft:spruce_log":30,"minecraft:birch_leaves":5,"minecraft:oak_log":21,"minecraft:coal_ore":39,"minecraft:stone":50,"minecraft:oak_leaves":64,"minecraft:fern":1},"minecraft:broken":{"minecraft:wooden_pickaxe":1},"minecraft:used":{"minecraft:stone_sword":42,"minecraft:stone_pickaxe":129,"minecraft:chest":1,"minecraft:wooden_pickaxe":59,"minecraft:cooked_chicken":1,"minecraft:rotten_flesh":4,"minecraft:torch":7,"minecraft:dirt":3,"minecraft:crafting_table":6,"minecraft:spruce_log":1,"minecraft:wooden_axe":1,"minecraft:spruce_sapling":2,"minecraft:stone_axe":18,"minecraft:wooden_sword":39,"minecraft:furnace":3,"minecraft:cooked_beef":1},"minecraft:dropped":{"minecraft:stone_axe":1,"minecraft:cooked_chicken":1,"minecraft:cooked_beef":2,"minecraft:oak_log":21,"minecraft:cobblestone":31,"minecraft:rotten_flesh":4,"minecraft:apple":2,"minecraft:stick":12,"minecraft:gunpowder":2,"minecraft:snowball":16,"minecraft:spider_eye":1,"minecraft:spruce_log":9,"minecraft:string":1},"minecraft:picked_up":{"minecraft:crafting_table":6,"minecraft:cooked_beef":1,"minecraft:chicken":2,"minecraft:oak_log":21,"minecraft:gunpowder":2,"minecraft:dirt":43,"minecraft:string":4,"minecraft:bone":1,"minecraft:apple":3,"minecraft:wheat_seeds":1,"minecraft:spruce_planks":21,"minecraft:beef":2,"minecraft:stone_pickaxe":1,"minecraft:poppy":2,"minecraft:furnace":2,"minecraft:stick":16,"minecraft:torch":3,"minecraft:spruce_sapling":2,"minecraft:spruce_log":37,"minecraft:spider_eye":1,"minecraft:stone_sword":1,"minecraft:rotten_flesh":15,"minecraft:arrow":2,"minecraft:stone_axe":2,"minecraft:granite":1,"minecraft:oak_sapling":21,"minecraft:coal":39,"minecraft:snowball":23,"minecraft:cobblestone":88},"minecraft:killed_by":{"minecraft:spider":1,"minecraft:zombie":2,"minecraft:enderman":1},"minecraft:crafted":{"minecraft:cooked_beef":2,"minecraft:wooden_sword":2,"minecraft:crafting_table":1,"minecraft:spruce_planks":20,"minecraft:wooden_pickaxe":2,"minecraft:cooked_chicken":2,"minecraft:furnace":1,"minecraft:stone_axe":1,"minecraft:stick":24,"minecraft:stone_pickaxe":1,"minecraft:wooden_axe":1,"minecraft:stone_sword":1,"minecraft:chest":1,"minecraft:torch":4},"minecraft:killed":{"minecraft:spider":1,"minecraft:zombie":4,"minecraft:chicken":2,"minecraft:drowned":1,"minecraft:cow":1},"minecraft:custom":{"minecraft:interact_with_furnace":3,"minecraft:mob_kills":10,"minecraft:interact_with_crafting_table":14,"minecraft:leave_game":1,"minecraft:time_since_death":4220,"minecraft:time_since_rest":4264,"minecraft:sprint_one_cm":9309,"minecraft:damage_taken":1340,"minecraft:walk_one_cm":359709,"minecraft:drop":16,"minecraft:damage_dealt":1608,"minecraft:fly_one_cm":5816,"minecraft:open_chest":6,"minecraft:crouch_one_cm":1465,"minecraft:play_time":81351,"minecraft:deaths":4,"minecraft:sneak_time":650,"minecraft:walk_under_water_one_cm":4622,"minecraft:jump":617,"minecraft:walk_on_water_one_cm":22120,"minecraft:total_world_time":81351,"minecraft:fall_one_cm":8509}},"DataVersion":3953}