{"stats":{"minecraft:mined":{"minecraft:spruce_log":12,"minecraft:andesite":2,"minecraft:granite":1,"minecraft:grass_block":14,"minecraft:poppy":1,"minecraft:dirt":8,"minecraft:cobblestone":21,"minecraft:spruce_leaves":5,"minecraft:stone":75},"minecraft:used":{"minecraft:stone_pickaxe":102,"minecraft:wooden_pickaxe":19,"minecraft:rotten_flesh":4,"minecraft:stone_axe":25,"minecraft:dirt":3,"minecraft:cobblestone":45,"minecraft:crafting_table":2},"minecraft:dropped":{"minecraft:poppy":2,"minecraft:rotten_flesh":2},"minecraft:picked_up":{"minecraft:wooden_axe":1,"minecraft:stick":13,"minecraft:crafting_table":1,"minecraft:andesite":2,"minecraft:wooden_pickaxe":2,"minecraft:spruce_sapling":6,"minecraft:gunpowder":4,"minecraft:spruce_log":15,"minecraft:string":4,"minecraft:dirt":33,"minecraft:wooden_sword":1,"minecraft:rotten_flesh":9,"minecraft:stone_axe":1,"minecraft:stone_pickaxe":1,"minecraft:poppy":2,"minecraft:cobblestone":92},"minecraft:killed_by":{"minecraft:zombie":1},"minecraft:crafted":{"minecraft:crafting_table":1,"minecraft:spruce_planks":28,"minecraft:stick":4,"minecraft:wooden_pickaxe":1,"minecraft:stone_pickaxe":1,"minecraft:stone_axe":1},"minecraft:killed":{"minecraft:zombie":2,"minecraft:spider":2,"minecraft:creeper":1},"minecraft:custom":{"minecraft:time_since_rest":22401,"minecraft:sprint_one_cm":46268,"minecraft:damage_taken":420,"minecraft:walk_one_cm":108247,"minecraft:mob_kills":5,"minecraft:drop":4,"minecraft:damage_dealt":1226,"minecraft:swim_one_cm":2693,"minecraft:interact_with_crafting_table":3,"minecraft:fly_one_cm":47265,"minecraft:open_chest":1,"minecraft:crouch_one_cm":2383,"minecraft:play_time":30416,"minecraft:deaths":1,"minecraft:sneak_time":1063,"minecraft:walk_under_water_one_cm":15,"minecraft:jump":392,"minecraft:walk_on_water_one_cm":6305,"minecraft:leave_game":4,"minecraft:time_since_death":22269,"minecraft:total_world_time":30416,"minecraft:fall_one_cm":9640}},"DataVersion":3953}