{"stats":{"minecraft:mined":{"minecraft:dandelion":6,"minecraft:spruce_log":12,"minecraft:andesite":2,"minecraft:granite":1,"minecraft:short_grass":1,"minecraft:grass_block":25,"minecraft:poppy":6,"minecraft:dirt":43,"minecraft:cobblestone":27,"minecraft:spruce_leaves":5,"minecraft:stone":78},"minecraft:used":{"minecraft:stone_pickaxe":122,"minecraft:poppy":5,"minecraft:wooden_pickaxe":19,"minecraft:rotten_flesh":5,"minecraft:stone_axe":29,"minecraft:dirt":38,"minecraft:cobblestone":62,"minecraft:crafting_table":2,"minecraft:dandelion":6},"minecraft:dropped":{"minecraft:poppy":2,"minecraft:rotten_flesh":2},"minecraft:picked_up":{"minecraft:wooden_axe":1,"minecraft:stick":13,"minecraft:crafting_table":1,"minecraft:andesite":2,"minecraft:dandelion":6,"minecraft:wooden_pickaxe":2,"minecraft:spruce_sapling":6,"minecraft:spruce_log":15,"minecraft:gunpowder":8,"minecraft:string":7,"minecraft:dirt":88,"minecraft:wooden_sword":1,"minecraft:rotten_flesh":10,"minecraft:stone_axe":3,"minecraft:wheat_seeds":2,"minecraft:stone_pickaxe":3,"minecraft:poppy":7,"minecraft:cobblestone":171},"minecraft:killed_by":{"minecraft:zombie":2},"minecraft:crafted":{"minecraft:crafting_table":1,"minecraft:spruce_planks":28,"minecraft:stick":4,"minecraft:wooden_pickaxe":1,"minecraft:stone_pickaxe":1,"minecraft:stone_axe":1},"minecraft:killed":{"minecraft:zombie":4,"minecraft:spider":2,"minecraft:creeper":1},"minecraft:custom":{"minecraft:time_since_rest":947,"minecraft:sprint_one_cm":86789,"minecraft:damage_taken":790,"minecraft:walk_one_cm":150943,"minecraft:mob_kills":7,"minecraft:drop":4,"minecraft:damage_dealt":1626,"minecraft:swim_one_cm":2693,"minecraft:interact_with_crafting_table":3,"minecraft:fly_one_cm":101079,"minecraft:open_chest":1,"minecraft:crouch_one_cm":3418,"minecraft:play_time":43978,"minecraft:deaths":3,"minecraft:sneak_time":1532,"minecraft:walk_under_water_one_cm":15,"minecraft:jump":753,"minecraft:leave_game":5,"minecraft:walk_on_water_one_cm":6305,"minecraft:time_since_death":920,"minecraft:total_world_time":43978,"minecraft:fall_one_cm":21293}},"DataVersion":3953}