{"stats":{"minecraft:mined":{"minecraft:spruce_log":12,"minecraft:andesite":2,"minecraft:grass_block":14,"minecraft:dirt":7,"minecraft:cobblestone":7,"minecraft:spruce_leaves":5,"minecraft:stone":36},"minecraft:used":{"minecraft:stone_pickaxe":46,"minecraft:wooden_pickaxe":18,"minecraft:stone_axe":16,"minecraft:dirt":3,"minecraft:cobblestone":7,"minecraft:crafting_table":2},"minecraft:dropped":{"minecraft:rotten_flesh":2},"minecraft:picked_up":{"minecraft:wooden_axe":1,"minecraft:stick":11,"minecraft:crafting_table":1,"minecraft:andesite":2,"minecraft:wooden_pickaxe":2,"minecraft:spruce_sapling":6,"minecraft:spruce_log":15,"minecraft:gunpowder":4,"minecraft:string":4,"minecraft:dirt":32,"minecraft:wooden_sword":1,"minecraft:rotten_flesh":9,"minecraft:stone_axe":1,"minecraft:stone_pickaxe":1,"minecraft:cobblestone":42},"minecraft:killed_by":{"minecraft:zombie":1},"minecraft:crafted":{"minecraft:crafting_table":1,"minecraft:stick":4,"minecraft:spruce_planks":28,"minecraft:wooden_pickaxe":1,"minecraft:stone_pickaxe":1,"minecraft:stone_axe":1},"minecraft:killed":{"minecraft:zombie":1,"minecraft:spider":1,"minecraft:creeper":1},"minecraft:custom":{"minecraft:time_since_rest":10439,"minecraft:sprint_one_cm":31410,"minecraft:damage_taken":320,"minecraft:walk_one_cm":57400,"minecraft:mob_kills":3,"minecraft:drop":2,"minecraft:damage_dealt":738,"minecraft:interact_with_crafting_table":3,"minecraft:swim_one_cm":2693,"minecraft:fly_one_cm":30682,"minecraft:crouch_one_cm":831,"minecraft:play_time":18454,"minecraft:deaths":1,"minecraft:sneak_time":518,"minecraft:walk_under_water_one_cm":15,"minecraft:jump":236,"minecraft:walk_on_water_one_cm":6305,"minecraft:leave_game":4,"minecraft:time_since_death":10307,"minecraft:total_world_time":18454,"minecraft:fall_one_cm":4788}},"DataVersion":3953}