{"stats":{"minecraft:mined":{"minecraft:dandelion":6,"minecraft:short_grass":5,"minecraft:granite":1,"minecraft:grass_block":66,"minecraft:poppy":6,"minecraft:cobblestone":27,"minecraft:spruce_leaves":28,"minecraft:birch_log":6,"minecraft:spruce_log":50,"minecraft:andesite":2,"minecraft:oak_log":33,"minecraft:dirt":44,"minecraft:stone":78,"minecraft:oak_leaves":27},"minecraft:broken":{"minecraft:stone_axe":1},"minecraft:used":{"minecraft:stone_pickaxe":122,"minecraft:poppy":5,"minecraft:wooden_pickaxe":19,"minecraft:wooden_shovel":44,"minecraft:cooked_chicken":1,"minecraft:rotten_flesh":5,"minecraft:dirt":38,"minecraft:crafting_table":3,"minecraft:spruce_log":4,"minecraft:stone_axe":168,"minecraft:cobblestone":62,"minecraft:cooked_beef":1,"minecraft:dandelion":6},"minecraft:dropped":{"minecraft:cooked_beef":1,"minecraft:rotten_flesh":2,"minecraft:salmon":1,"minecraft:poppy":2},"minecraft:picked_up":{"minecraft:wooden_axe":1,"minecraft:birch_log":6,"minecraft:crafting_table":1,"minecraft:cooked_beef":2,"minecraft:salmon":2,"minecraft:andesite":2,"minecraft:wooden_pickaxe":2,"minecraft:oak_log":54,"minecraft:gunpowder":14,"minecraft:dirt":145,"minecraft:string":8,"minecraft:wooden_sword":1,"minecraft:bone":4,"minecraft:apple":2,"minecraft:wheat_seeds":5,"minecraft:stone_pickaxe":4,"minecraft:cooked_chicken":1,"minecraft:poppy":8,"minecraft:birch_sapling":1,"minecraft:stick":30,"minecraft:dandelion":6,"minecraft:spruce_sapling":10,"minecraft:spruce_log":59,"minecraft:spider_eye":3,"minecraft:arrow":2,"minecraft:rotten_flesh":28,"minecraft:stone_axe":8,"minecraft:oak_sapling":9,"minecraft:snowball":69,"minecraft:cobblestone":233},"minecraft:killed_by":{"minecraft:stray":1,"minecraft:zombie":3,"minecraft:enderman":1},"minecraft:crafted":{"minecraft:oak_planks":8,"minecraft:wooden_shovel":1,"minecraft:crafting_table":2,"minecraft:spruce_planks":28,"minecraft:wooden_pickaxe":1,"minecraft:stone_axe":1,"minecraft:stick":4,"minecraft:stone_pickaxe":1},"minecraft:killed":{"minecraft:salmon":1,"minecraft:spider":2,"minecraft:creeper":1,"minecraft:skeleton":1,"minecraft:zombie":11,"minecraft:stray":1},"minecraft:custom":{"minecraft:mob_kills":17,"minecraft:interact_with_crafting_table":10,"minecraft:leave_game":8,"minecraft:time_since_death":19087,"minecraft:time_since_rest":19110,"minecraft:sprint_one_cm":152001,"minecraft:damage_taken":1673,"minecraft:walk_one_cm":226564,"minecraft:drop":6,"minecraft:damage_dealt":3868,"minecraft:swim_one_cm":5244,"minecraft:fly_one_cm":211878,"minecraft:open_chest":4,"minecraft:crouch_one_cm":3690,"minecraft:play_time":73023,"minecraft:deaths":6,"minecraft:sneak_time":1736,"minecraft:walk_under_water_one_cm":1482,"minecraft:jump":1297,"minecraft:walk_on_water_one_cm":10861,"minecraft:total_world_time":73023,"minecraft:fall_one_cm":34650}},"DataVersion":3953}