{"stats":{"minecraft:mined":{"minecraft:dandelion":6,"minecraft:short_grass":3,"minecraft:granite":1,"minecraft:grass_block":25,"minecraft:poppy":6,"minecraft:cobblestone":27,"minecraft:spruce_leaves":28,"minecraft:birch_log":6,"minecraft:spruce_log":50,"minecraft:andesite":2,"minecraft:oak_log":31,"minecraft:dirt":43,"minecraft:stone":78,"minecraft:oak_leaves":25},"minecraft:broken":{"minecraft:stone_axe":1},"minecraft:used":{"minecraft:stone_pickaxe":122,"minecraft:poppy":5,"minecraft:wooden_pickaxe":19,"minecraft:cooked_chicken":1,"minecraft:rotten_flesh":5,"minecraft:dirt":38,"minecraft:crafting_table":2,"minecraft:spruce_log":4,"minecraft:stone_axe":162,"minecraft:cobblestone":62,"minecraft:cooked_beef":1,"minecraft:dandelion":6},"minecraft:dropped":{"minecraft:cooked_beef":1,"minecraft:rotten_flesh":2,"minecraft:salmon":1,"minecraft:poppy":2},"minecraft:picked_up":{"minecraft:wooden_axe":1,"minecraft:birch_log":6,"minecraft:crafting_table":1,"minecraft:cooked_beef":2,"minecraft:andesite":2,"minecraft:salmon":2,"minecraft:wooden_pickaxe":2,"minecraft:oak_log":31,"minecraft:gunpowder":14,"minecraft:dirt":105,"minecraft:string":8,"minecraft:wooden_sword":1,"minecraft:bone":2,"minecraft:wheat_seeds":5,"minecraft:stone_pickaxe":4,"minecraft:cooked_chicken":1,"minecraft:poppy":8,"minecraft:birch_sapling":1,"minecraft:stick":17,"minecraft:dandelion":6,"minecraft:spruce_sapling":10,"minecraft:spruce_log":52,"minecraft:spider_eye":3,"minecraft:arrow":1,"minecraft:rotten_flesh":28,"minecraft:stone_axe":8,"minecraft:oak_sapling":7,"minecraft:snowball":69,"minecraft:cobblestone":233},"minecraft:killed_by":{"minecraft:stray":1,"minecraft:zombie":3,"minecraft:enderman":1},"minecraft:crafted":{"minecraft:oak_planks":4,"minecraft:crafting_table":2,"minecraft:spruce_planks":28,"minecraft:wooden_pickaxe":1,"minecraft:stone_axe":1,"minecraft:stick":4,"minecraft:stone_pickaxe":1},"minecraft:killed":{"minecraft:salmon":1,"minecraft:spider":2,"minecraft:creeper":1,"minecraft:zombie":11,"minecraft:stray":1},"minecraft:custom":{"minecraft:mob_kills":16,"minecraft:interact_with_crafting_table":3,"minecraft:time_since_death":13074,"minecraft:leave_game":6,"minecraft:time_since_rest":13097,"minecraft:sprint_one_cm":146043,"minecraft:damage_taken":1568,"minecraft:walk_one_cm":213568,"minecraft:drop":6,"minecraft:damage_dealt":3668,"minecraft:swim_one_cm":5244,"minecraft:fly_one_cm":202796,"minecraft:open_chest":4,"minecraft:crouch_one_cm":3605,"minecraft:play_time":67010,"minecraft:deaths":6,"minecraft:sneak_time":1691,"minecraft:walk_under_water_one_cm":1482,"minecraft:jump":1261,"minecraft:walk_on_water_one_cm":10371,"minecraft:total_world_time":67010,"minecraft:fall_one_cm":34650}},"DataVersion":3953}