{"stats":{"minecraft:mined":{"minecraft:dandelion":6,"minecraft:short_grass":31,"minecraft:granite":1,"minecraft:grass_block":125,"minecraft:poppy":6,"minecraft:cobblestone":27,"minecraft:spruce_leaves":28,"minecraft:birch_log":17,"minecraft:spruce_log":50,"minecraft:andesite":2,"minecraft:oak_log":50,"minecraft:sand":5,"minecraft:dirt":68,"minecraft:stone":78,"minecraft:oak_leaves":43},"minecraft:broken":{"minecraft:wooden_shovel":1,"minecraft:stone_axe":1},"minecraft:used":{"minecraft:stone_pickaxe":122,"minecraft:poppy":5,"minecraft:wooden_pickaxe":19,"minecraft:wooden_shovel":61,"minecraft:cooked_chicken":1,"minecraft:rotten_flesh":5,"minecraft:salmon":1,"minecraft:dirt":38,"minecraft:crafting_table":3,"minecraft:snowball":5,"minecraft:spruce_log":4,"minecraft:stone_axe":202,"minecraft:cobblestone":62,"minecraft:cooked_beef":1,"minecraft:dandelion":6},"minecraft:dropped":{"minecraft:cooked_beef":1,"minecraft:rotten_flesh":2,"minecraft:salmon":1,"minecraft:poppy":2},"minecraft:picked_up":{"minecraft:wooden_axe":1,"minecraft:birch_log":17,"minecraft:crafting_table":1,"minecraft:cooked_beef":2,"minecraft:salmon":2,"minecraft:andesite":2,"minecraft:wooden_pickaxe":2,"minecraft:oak_log":71,"minecraft:gunpowder":14,"minecraft:dirt":227,"minecraft:string":9,"minecraft:wooden_sword":1,"minecraft:bone":4,"minecraft:apple":3,"minecraft:wheat_seeds":7,"minecraft:stone_pickaxe":4,"minecraft:cooked_chicken":1,"minecraft:poppy":8,"minecraft:birch_sapling":1,"minecraft:stick":40,"minecraft:dandelion":6,"minecraft:sand":5,"minecraft:spruce_sapling":10,"minecraft:spruce_log":59,"minecraft:spider_eye":4,"minecraft:arrow":2,"minecraft:rotten_flesh":28,"minecraft:stone_axe":8,"minecraft:oak_sapling":13,"minecraft:snowball":69,"minecraft:cobblestone":233},"minecraft:killed_by":{"minecraft:stray":1,"minecraft:zombie":3,"minecraft:enderman":1},"minecraft:crafted":{"minecraft:oak_planks":8,"minecraft:wooden_shovel":1,"minecraft:crafting_table":2,"minecraft:spruce_planks":28,"minecraft:wooden_pickaxe":1,"minecraft:stone_axe":1,"minecraft:stick":4,"minecraft:stone_pickaxe":1},"minecraft:killed":{"minecraft:salmon":1,"minecraft:spider":3,"minecraft:creeper":1,"minecraft:skeleton":1,"minecraft:zombie":11,"minecraft:stray":1},"minecraft:custom":{"minecraft:mob_kills":18,"minecraft:interact_with_crafting_table":10,"minecraft:leave_game":9,"minecraft:time_since_death":32057,"minecraft:time_since_rest":32080,"minecraft:sprint_one_cm":158872,"minecraft:damage_taken":1673,"minecraft:walk_one_cm":268573,"minecraft:drop":6,"minecraft:damage_dealt":4161,"minecraft:swim_one_cm":15823,"minecraft:fly_one_cm":219563,"minecraft:open_chest":4,"minecraft:crouch_one_cm":3876,"minecraft:play_time":85993,"minecraft:deaths":6,"minecraft:sneak_time":1788,"minecraft:walk_under_water_one_cm":7585,"minecraft:jump":1349,"minecraft:walk_on_water_one_cm":12667,"minecraft:total_world_time":85993,"minecraft:fall_one_cm":34859}},"DataVersion":3953}